{"melon":-9.837975219739494,"augur":6.218485751035604,"bancor":14.594384784577546,"maker":0.8844222699907086,"dharma":0,"kyber-network":-1.6413682215799117,"synthetix-network-token":12.291314766076136,"wrapped-bitcoin":0,"akropolis":0.9391722179753345,"compound":1.6627996906419167,"instadapp":4.636739515652689,"dydx":5.651500372941646,"uniswap":0,"nuo":0,"lightning-network":4.269697435109826,"set-protocol":-12.555913050302125,"nexus-mutual":-6.763571640462773,"veil":0,"xdai":1.4662631828069042,"connext":0,"market-protocol":0,"nest":100,"dforce":15.966386554621845,"cherry-swap":11.360634081902237,"staked":19.111381618989657,"abra":0,"eos":4.0789644448503495,"effect-ai":0,"everipedia":2.383835326169219,"horuspay":0,"eosblack":0,"meetone":-11.828125,"publyto-token":0,"paytomat":0,"peos":0,"eosdt":0,"telos":-14.671232876712331,"golem-network-tokens":0.7897794452605588,"iconomi":0,"gnosis-gno":4.766549616335011,"status":-3.624168610616262,"basic-attention-token":-3.7818077040825515,"populous":0,"digixdao":16.030962530850353,"mobilego":0,"singulardtv":52.67489711934156,"civic":-15.440041173443127,"aragon":0.9187963726298419,"firstblood":0,"etheroll":0,"stox":0,"humaniq":0,"polybius":0,"district0x":-6.811561089849764,"tierion":4.426145136387028,"guppy":0,"encrypgen":0,"maecenas":0,"monolith":2.1308331557639035,"edgeless":0,"wings":1.9078867420099561,"vslice":0,"trust":-2.8056680161943346,"storj":0.6141338733672533,"taas":0,"mysterium":-4.114676537641268,"sonm":-8.756638975895418,"more-coin":0,"ixledger":0,"metal":0,"veritaseum":0,"winding-tree":-5.3616341113696775,"x8x-token":0,"funfair":37.78571428571428,"aventus":384.79532163742687,"fundrequest":-5.916666666666673,"blox":0,"aigang":0,"adx-net":0,"oax":0,"acchain":0,"agrello-delta":0,"student-coin":0,"mothership":32.27990970654629,"investfeed":0,"dent":0,"propy":0,"storm":-2.5597269624573435,"salt":0,"superior-coin":0,"everex":0,"signal-token":0,"0x":5.922054326547841,"oxycoin":0,"b2bx":0,"swarm-fund":20.10981468771448,"power-ledger":0,"ethersportz":0,"privatix":3.6816140195861866,"crowdwiz":0,"genesis-vision":-10.895480225988699,"bloomtoken":2.1117094287825995,"change":0,"storiqa":0,"request":-1.0672623479771648,"zilla":0,"utrust":-3.586678052946214,"bitether":0,"autonio":0,"playkey":0,"uptoken":0,"raiden-network-token":1.4728522336769805,"solve":0,"napoleonx":0,"airswap":9.6685617047608,"ripio-credit-network":0.7489406431691925,"decent-bet":0,"jibrel-network":0.5263546252797763,"webcoin":0,"ice-rock-mining":0,"stk":0,"global-awards-token":0,"eidoo":-41.020829423906925,"dew":0,"scryinfo":1.943516550258125,"iot-chain":0,"medishares":0,"bitguild-plat":0,"vibe":0,"presearch":4.777070063694264,"mixin":0,"spectre-dividend":0,"ormeus-coin":0,"xtrd":0,"srcoin":0,"naviaddress":0,"blockmesh":0,"exrnchain":0,"cortex":8.478326460826704,"cybervein":10.852713178294564,"sentinel":2.799939786241155,"eosdac":-7.614894330761492,"u-network":-26.917900403768506,"snipcoin":0,"gold-bits-coin":0,"fabric-token":0,"game":0,"internet-node-token":-7.888888888888898,"soarcoin":0,"naga":0,"insolar":0,"bread":23.166023166023166,"decentralized-machine-learning":0,"fusion":1.989104269605971,"thrive-token":0,"holo":0.8710076441181318,"digitex-futures":0,"drp-utility":0,"shekel":0,"mktcoin":32.558139534883715,"animation-vision-cash":0,"locicoin":0,"gems-protocol":0,"0chain":1.8470511989630598,"w3coin":0,"lendroid-support-token":0,"dock":0,"te-food":0,"electrifyasia":0,"banca":0,"lympo":0,"adhive":0,"iht-real-estate-protocol":0,"simdaq":0,"arbidex":0,"ip-exchange":0,"zebi":0,"shivers":0,"docademic":0,"hurify":0,"digital-asset-exchange-token":0,"helbiz":0,"ceek-vr":0,"morpheus-network":0,"greenmed":0,"brahmaos":0,"dignity":0,"pixie-coin":0,"huobi-token":7.8425116457150095,"apis":0,"amon":0,"biotron":0,"on-live":0,"fire-lotto":0,"nanjcoin":0,"pibble":0,"neurochain":10.459213788218628,"morpheus-labs":0,"moss-coin":0,"nebula-ai":0,"cashbet-coin":0,"quant":-8.102345415778256,"delphy":0,"mainframe":-14.81972789115646,"unibright":0,"gochain":0,"b2bcoin":0,"proxeus":0,"rublix":0,"penta":0,"daex":0,"hydro-protocol":2.7052617340727716,"shivom":0,"lockchain":-10.20398180306218,"bankex":0,"tokendesk":0,"fintab":0,"hoqu":0,"sharpe-platform-token":0,"nuggets":0,"dreamteam-token":0,"lamden":1.5332596833048915,"syncfab":0,"knoxstertoken":0,"signals-network":0,"sether":-36.133694670280036,"ebcoin":0,"devery":28.499999999999996,"selfkey":-20.02884097503345,"fuzex":0,"iqeon":0,"trakinvest":0,"gopower":0,"skychain":0,"coinmetro-token":0,"bee-token":0,"rlc":0.6020590419233779,"ethos":0,"tenx":19.28040672663277,"indorse-token":0,"dao-casino":34.82506102522377,"omisego":-3.5380159304851486,"biocoin":0,"legolas-exchange":0,"polyswarm":-0.9672489841280953,"bnktothefuture":79.93779160186627,"sharder":1.3208817095742953,"shping":0,"open-platform":0,"origami":0,"gohelpfund":0,"boutspro":0,"edu-coin":0,"fundtoken":0,"blitzpredict":0,"stockchain":0,"optotoken":0,"faceter":15.633423180592995,"verime":0,"nexo":0,"seele":-2.6167735182519953,"consensus":0,"clearcoin":0,"rchain":-5.074094662201563,"iostoken":-22.82341162237704,"waltonchain":0,"kucoin-shares":0,"qash":0,"revain":0,"wax":0,"dentacoin":-15.495468277945626,"kin":-5.4258269362163905,"singularitynet":4.518829607935241,"guess":0,"mark-space":0,"spankchain":-2.7613412228796954,"crowdholding":0,"starbase":0,"ost":-4.954248738633458,"dmarket":0,"commerceblock":12.435170301173759,"gazecoin":0,"nuls":-2.0600601266875893,"appcoins":-3.9612630174399817,"forty-seven-bank":0,"experty":0,"time-new-bank":0,"earth-token":0,"paypex":0,"gold-reward-token":0,"rentberry":0,"sportyco":0,"quantstamp":0,"ethereum-classic":0,"tether":0,"bitshares":0.4951352957195554,"bitnation":0,"monacoin":0,"santiment":1.7867692346367907,"rocket-pool":1.9137149571932193,"jesus-coin":0,"likecoin":-2.2328990228013086,"medical-chain":0,"sirin-labs-token":0,"crycash":0,"coinfi":-10.936935635339161,"coin-lion":0,"coinvest":0,"modultrade":0,"telcoin":0,"datarius-credit":0,"dynamic-trading-rights":0,"aelf":-7.038289725590298,"indahash":0,"savedroid":0,"smartmesh":-7.153858000924088,"next-exchange":19.407008086253363,"when-token":0,"heartbout":0,"oneroot-network":0,"amlt":3.6433365292425712,"adbank":0,"shipchain":-0.7940919558484872,"dadi":4.579325294675511,"block-array":0,"axpire":0,"farmatrust":0,"bitmart-token":0,"carvertical":0,"aidcoin":0,"insurepal":0,"babb":0,"origintrail":-17.018518518518512,"hydrogen":13.167587476979739,"robotina":0,"transcodium":-53.381066030230706,"tgame":0,"merculet":0,"libra-credit":0,"skrumble-network":0,"hold":0,"daostack":-1.4527191790061325,"eligma-token":0,"crowd-machine":0,"mytoken":0,"key":100,"cybereits":0,"mobilinktoken":0,"lunyr":0,"patron":0,"bitcoinus":0,"consentium":0,"coinus":0,"bezant":0,"aston":0,"freyrchain":0,"orbs":1.4287671232876644,"the-abyss":0,"zippie":-10.340934748250167,"primas":0,"educare":0,"heronode":0,"content-neutrality-network":5.447470817120627,"insurchain":0,"global-social-chain":20.14010507880911,"digix-gold-token":16.030962530850353,"influence-chain":0,"intelligent-investment-chain":0,"sakura-bloom":0,"mybit":0,"xyo":-5.622345049285739,"rate3":0,"blue-whale-token":0,"red":7.022857142857138,"invacio":0,"eden":0,"egretia":497.67441860465107,"lemochain":-5.30518791534037,"sentinel-protocol":0,"pchain":-6.586259903038895,"distributed-credit-chain":0,"kleros":-7.426667497041778,"iotex":-1.6901408450704223,"zip":0,"spindle":0,"moac":-0.6532897806812906,"omnitude":0,"rightmesh":-32.174538479980825,"bitrewards":0,"ivy":0,"cardstack":-0.5611199955110401,"quarkchain":3.7602082024589407,"bigbom":0,"fortuna":0,"pundi-x":0,"restart-energy-mwat":0,"ink-protocol":0,"odyssey":0,"cpchain":-6.203234371228579,"fluz-fluz":0,"peculium":0,"coinpoker":0,"blockport":0,"nucleus-vision":0,"education-ecosystem":0,"ren":-46.35714285714286,"arcblock":8.193867987682427,"themis":0,"nper":0,"betterbetting":0,"tokenomy":50.000000000000014,"ruff":0,"oceanchain":0,"valuechain":0,"cargox":0,"travelflex":107.14285714285711,