{"melon":529.3706293706294,"augur":89.87416437278803,"bancor":186.91588785046727,"maker":-24.001018070755915,"dharma":100,"kyber-network":-53.16792202038103,"eidoo":100,"enjin-coin":25,"synthetix-network-token":406.53188180404356,"wrapped-bitcoin":100,"akropolis":239.51048951048958,"compound":100,"instadapp":1021.4285714285716,"dydx":-82.55555555555554,"uniswap":0,"nuo":100,"lightning-network":15.157353885677583,"set-protocol":134.20000000000002,"nexus-mutual":100,"veil":100,"xdai":-41.364267301209594,"connext":0,"market-protocol":100,"nest":100,"dforce":-100,"cherry-swap":100,"staked":0,"abra":0,"metamoneymarket":-100,"alphawallet":100,"ambo":0,"argent":147.19626168224298,"betoken":100,"bitpie":-100,"button-wallet":-10.750000000000004,"cobo-wallet":-67.44186046511628,"coinbase-wallet":100,"defi-saver":100,"dexwallet":-21.884498480243167,"fetch-wallet":0,"imtoken":100,"eos":80.45386426889318,"effect-ai":100,"everipedia":-36.206896551724135,"horuspay":100,"eosblack":0,"meetone":0,"publyto-token":100,"paytomat":100,"peos":100,"eosdt":-100,"telos":86.00000000000001,"golem-network-tokens":-33.48852143201156,"iconomi":0,"gnosis-gno":90.91507570770243,"status":12.726694241170854,"basic-attention-token":218.43640606767792,"populous":100,"digixdao":105.67685589519651,"mobilego":0,"singulardtv":-64.6090534979424,"civic":100,"aragon":-73.26911081849055,"firstblood":100,"etheroll":0,"stox":100,"humaniq":100,"polybius":0,"district0x":-33.860045146726854,"tierion":-100,"guppy":100,"encrypgen":100,"maecenas":100,"monolith":326.3157894736843,"ethereum":-21.300285617466237,"edgeless":100,"wings":297.6744186046512,"vslice":0,"trust":260.09334889148187,"storj":-8.961465697500746,"taas":100,"mysterium":197.98115746971737,"sonm":-19.71830985915493,"more-coin":0,"ixledger":0,"metal":0,"veritaseum":100,"winding-tree":-25.02187226596675,"x8x-token":100,"funfair":-100,"aventus":100,"fundrequest":737.9310344827587,"blox":0,"aigang":100,"adx-net":100,"oax":0,"acchain":100,"agrello-delta":100,"student-coin":100,"mothership":100,"investfeed":100,"dent":0,"propy":100,"storm":-100,"salt":0,"superior-coin":100,"everex":-100,"signal-token":100,"0x":-15.495470765852318,"monetha":54.77707006369427,"poet":-95.33333333333333,"pillar":14.956625785222855,"adtoken":100,"brickblock":-100,"atlant":100,"blocklancer":100,"cindicator":100,"tael":0,"substratum":426.3157894736843,"paragon":100,"hellogold":100,"decentraland":-39.055705114930625,"tokenstars":100,"wepower":100,"loopring":77.16,"chronologic":182.55813953488376,"modum":100,"cajutel":100,"bankera":100,"hyperquant":100,"internxt":0,"matryx":2657.1428571428564,"goldmint":-17.629179331306993,"cobinhood":100,"enigma":139.4106813996317,"chainlink":60.67636649626426,"aeron":100,"amber":465.1162790697675,"oxycoin":100,"b2bx":0,"swarm-fund":182.55813953488376,"power-ledger":0,"ethersportz":100,"privatix":-48.69915720043972,"crowdwiz":100,"genesis-vision":14.963797264682215,"bloomtoken":15.053763440860216,"change":0,"storiqa":100,"request":-50.349650349650354,"zilla":0,"utrust":100,"bitether":-100,"autonio":0,"playkey":-100,"uptoken":100,"raiden-network-token":-33.223612025455346,"solve":100,"napoleonx":100,"airswap":22.32734153263954,"ripio-credit-network":180.27571580063628,"decent-bet":100,"jibrel-network":186,"webcoin":100,"ice-rock-mining":100,"stk":100,"global-awards-token":100,"paypie":100,"wys-token":100,"data-exchange":100,"tokenbox":100,"dragonchain":2.9182879377431976,"bluzelle":17.513134851138354,"energitoken":0,"canyacoin":100,"blockmason":196.55172413793107,"cryptaur":7.526881720430103,"bibox-token":100,"upfiring":100,"cryptonex":100,"blockv":293,"1world":100,"paycent":100,"mithril-ore":100,"iconiq-lab-token":100,"refereum":100,"crpt":0,"solarcoin":100,"jury-online-token":100,"relex":0,"covesting":100,"clearpoll":0,"bonpay":100,"cashaa":100,"silent-notary":100,"speed-mining-service":100,"guess":0,"mark-space":0,"spankchain":100,"crowdholding":100,"starbase":100,"ost":17.563188593648743,"dmarket":100,"commerceblock":91.95837275307473,"gazecoin":0,"nuls":-92.84204965662968,"appcoins":25.38781687476353,"forty-seven-bank":100,"experty":100,"time-new-bank":100,"earth-token":0,"paypex":0,"gold-reward-token":100,"rentberry":100,"sportyco":100,"quantstamp":4800,"ethereum-classic":100,"tether":100,"bitshares":14.227642276422758,"bitnation":-100,"monacoin":100,"santiment":32.51693590411674,"rocket-pool":-78.419452887538,"jesus-coin":100,"likecoin":-7.149999999999998,"medical-chain":0,"lockchain":58.309037900874614,"bankex":100,"tokendesk":100,"fintab":0,"hoqu":100,"sharpe-platform-token":100,"nuggets":0,"dreamteam-token":100,"lamden":342.80442804428037,"syncfab":100,"knoxstertoken":0,"signals-network":100,"sether":100,"ebcoin":100,"devery":2249.9999999999995,"selfkey":107.125,"fuzex":100,"iqeon":100,"trakinvest":100,"gopower":100,"skychain":100,"coinmetro-token":100,"bee-token":100,"rlc":-29.437500000000007,"ethos":0,"tenx":100,"indorse-token":100,"dao-casino":211.284046692607,"omisego":91.22727272727272,"biocoin":100,"herocoin":100,"streamr-datacoin":-30.41935483870968,"expanse":293.10344827586204,"auctus":100,"bitrent":100,"c20":100,"neurotoken":-29.67479674796748,"swissborg":100,"e-chat":0,"genaro-network":-67.44186046511628,"poa-network":-41.364267301209594,"ethlend":100,"colu-local-network":100,"tcash":100,"sola-token":0,"blockchain-certified-data-token":100,"pareto-rewards":100,"metronome":84.16206261510129,"daneel":100,"remme":-4.766666666666666,"fintrux-network":100,"debitum-network":100,"eristica":100,"tokia":100,"iungo":100,"cube":100,"aditus":100,"ocean-protocol":-55.31724754244861,"gonetwork":100,"envion":0,"sirin-labs-token":100,"crycash":100,"coinfi":0,"coin-lion":100,"coinvest":100,"modultrade":100,"telcoin":100,"datarius-credit":100,"dynamic-trading-rights":0,"aelf":-15.254237288135593,"indahash":100,"savedroid":100,"smartmesh":-51.72413793103448,"next-exchange":100,"when-token":100,"heartbout":100,"oneroot-network":100,"amlt":-94.55252918287937,"adbank":0,"shipchain":170.88036117381492,"dadi":497.6744186046512,"block-array":100,"axpire":100,"farmatrust":100,"bitmart-token":0,"carvertical":100,"aidcoin":100,"insurepal":100,"babb":100,"origintrail":380.841121495327,"fortuna":0,"pundi-x":100,"restart-energy-mwat":100,"ink-protocol":100,"odyssey":100,"cpchain":-75.43859649122805,"fluz-fluz":0,"peculium":100,"coinpoker":100,"blockport":100,"nucleus-vision":100,"education-ecosystem":0,"ren":246.99999999999997,"arcblock":19.352941176470583,"themis":100,"nper":100,"betterbetting":100,"tokenomy":100,"ruff":100,"oceanchain":0,"valuechain":0,"cargox":100,"travelflex":100,"polymath-network":-43.37921214997627,"datawallet":100,"olxa":100,"bobs-repair":100,"rock":100,"dether":-59.154929577464785,"copytrack":100,"fusion":110.88082901554408,"thrive-token":100,"holo":219.65257972517503,"digitex-futures":100,"drp-utility":0,"shekel":100,"mktcoin":100,"animation-vision-cash":0,"locicoin":100,"gems-protocol":0,"0chain":100,"w3coin":0,"lendroid-support-token":100,"dock":100,"te-food":0,"electrifyasia":100,"banca":0,"lympo":0,"adhive":100,"iht-real-estate-protocol":0,"simdaq":0,"arbidex":100,"ip-exchange":0,"zebi":0,"shivers":100,"docademic":100,"hurify":100,"digital-asset-exchange-token":0,"helbiz":100,"ceek-vr":0,"paymon":100,"budbo":100,"dropil":100,"cryptaldash":0,"jet8":100,"sentinel-chain":100,"datx":100,"sp8de":100,"leadcoin":100,"yeed":-45.25407478427613,"endor-protocol":100,"centrality":0,"loom-network":564.3016938318952,"level-up":100,"puregold-token":100,"vice-industry-token":100,"lendingblock":-100,"kwhcoin":100,"dragon-coins":0,"xinfin-network":-57.40528128587831,"vetri":100,"capdaxtoken":0,"odem":100,"parkgene":100,"sapien":100,"kryll":100,"friends":0,"phi-token":0,"moneytoken":100,"noah-coin":100,"legolas-exchange":100,"polyswarm":-4.867634500426988,"bnktothefuture":-50,"sharder":-100,"shping":100,"open-platform":100,"origami":100,"gohelpfund":100,"boutspro":100,"edu-coin":100,"fundtoken":100,"blitzpredict":100,