{"melon":383.87096774193543,"augur":88.56430352689704,"bancor":287.3831775700934,"maker":-17.26173741917346,"dharma":100,"kyber-network":-58.20482404112297,"eidoo":100,"enjin-coin":0,"synthetix-network-token":270.01166861143525,"wrapped-bitcoin":100,"akropolis":183.0903790087464,"compound":100,"instadapp":1428.5714285714284,"dydx":-80.02544529262087,"uniswap":-33.46303501945525,"nuo":100,"lightning-network":-0.3888888888888905,"set-protocol":82.11508553654745,"nexus-mutual":-75.43859649122805,"veil":100,"xdai":-45.74567119716998,"connext":0,"market-protocol":100,"nest":100,"dforce":-100,"cherry-swap":100,"staked":0,"abra":0,"metamoneymarket":-100,"alphawallet":100,"ambo":0,"argent":37.046632124352335,"betoken":100,"bitpie":-100,"button-wallet":-42.38178633975482,"cobo-wallet":50.87719298245615,"coinbase-wallet":100,"defi-saver":100,"dexwallet":-18.152866242038222,"fetch-wallet":0,"imtoken":100,"eos":45.3535531652266,"effect-ai":100,"everipedia":5.017502917152855,"horuspay":100,"eosblack":0,"meetone":0,"publyto-token":100,"paytomat":100,"peos":100,"eosdt":-100,"telos":293.10344827586204,"golem-network-tokens":-42.231884057971016,"iconomi":0,"gnosis-gno":45.48333333333334,"status":1.8919685933213508,"basic-attention-token":235.2579852579852,"populous":100,"digixdao":-3.086419753086427,"mobilego":0,"singulardtv":-64.6090534979424,"civic":100,"aragon":-76.60037478087408,"firstblood":100,"etheroll":0,"stox":100,"humaniq":100,"polybius":0,"district0x":-16.28571428571428,"tierion":-100,"guppy":100,"encrypgen":100,"maecenas":100,"monolith":375.4385964912281,"ethereum":-45.59456700253007,"edgeless":100,"wings":489.65517241379314,"vslice":0,"trust":257.53262158956113,"storj":-15.754179680323357,"taas":100,"mysterium":251.9872813990461,"sonm":-43.00000000000001,"more-coin":0,"ixledger":0,"metal":0,"veritaseum":100,"winding-tree":-31.458906802988594,"x8x-token":100,"funfair":100,"aventus":100,"fundrequest":737.9310344827587,"blox":0,"aigang":100,"adx-net":100,"oax":0,"acchain":100,"agrello-delta":100,"student-coin":100,"mothership":100,"investfeed":100,"dent":0,"propy":100,"storm":100,"salt":0,"superior-coin":100,"everex":-100,"signal-token":100,"0x":-18.722158584701535,"monetha":36.13445378151262,"poet":-96.37305699481865,"pillar":-13.547076089410703,"adtoken":100,"brickblock":-100,"atlant":100,"blocklancer":100,"cindicator":100,"tael":0,"substratum":267.8362573099415,"paragon":100,"hellogold":100,"decentraland":-34.73066443093691,"tokenstars":100,"wepower":100,"loopring":102.79001468428781,"chronologic":137.71929824561403,"modum":100,"cajutel":100,"bankera":100,"hyperquant":100,"internxt":71,"matryx":2549.9999999999995,"goldmint":-36.82983682983683,"cobinhood":100,"enigma":78.992628992629,"chainlink":35.491774588729434,"aeron":100,"amber":100,"oxycoin":100,"b2bx":0,"swarm-fund":166.27906976744188,"power-ledger":0,"ethersportz":100,"privatix":-46.15384615384615,"crowdwiz":100,"genesis-vision":17.710049423393727,"bloomtoken":200.00000000000006,"change":0,"storiqa":100,"request":-78.419452887538,"zilla":0,"utrust":100,"bitether":-100,"autonio":0,"playkey":-100,"uptoken":100,"raiden-network-token":-46.94642857142857,"solve":100,"napoleonx":100,"airswap":72.19701879455607,"ripio-credit-network":220.50663449939688,"decent-bet":100,"jibrel-network":100,"webcoin":100,"ice-rock-mining":100,"stk":100,"global-awards-token":100,"paypie":100,"wys-token":100,"data-exchange":100,"tokenbox":100,"dragonchain":-7.918968692449351,"bluzelle":4.354587869362368,"energitoken":0,"canyacoin":100,"blockmason":196.55172413793107,"cryptaur":7.526881720430103,"bibox-token":100,"upfiring":100,"cryptonex":100,"blockv":526.3157894736843,"1world":100,"paycent":100,"mithril-ore":100,"iconiq-lab-token":100,"refereum":100,"crpt":0,"solarcoin":100,"jury-online-token":100,"relex":0,"covesting":100,"clearpoll":0,"bonpay":100,"cashaa":100,"silent-notary":100,"speed-mining-service":100,"guess":0,"mark-space":0,"spankchain":100,"crowdholding":100,"starbase":100,"ost":62.36363636363635,"dmarket":100,"commerceblock":82.13644524236983,"gazecoin":0,"nuls":-94.21428571428572,"appcoins":55.99626691553896,"forty-seven-bank":100,"experty":100,"time-new-bank":100,"earth-token":0,"paypex":0,"gold-reward-token":100,"rentberry":100,"sportyco":100,"quantstamp":4692.857142857142,"ethereum-classic":100,"tether":100,"bitshares":15.590909090909088,"bitnation":-100,"monacoin":100,"santiment":36.27642565286906,"rocket-pool":-58.47953216374269,"jesus-coin":100,"likecoin":10.03500583430571,"medical-chain":0,"lockchain":89.86013986013985,"bankex":100,"tokendesk":100,"fintab":0,"hoqu":100,"sharpe-platform-token":100,"nuggets":0,"dreamteam-token":100,"lamden":1954.3859649122808,"syncfab":100,"knoxstertoken":0,"signals-network":100,"sether":100,"ebcoin":100,"devery":100,"selfkey":90.08168028004665,"fuzex":100,"iqeon":100,"trakinvest":100,"gopower":100,"skychain":100,"coinmetro-token":100,"bee-token":100,"rlc":8.620689655172429,"ethos":0,"tenx":100,"indorse-token":100,"dao-casino":189.10505836575874,"omisego":136.91548068544873,"biocoin":100,"herocoin":100,"streamr-datacoin":-25.11431586352445,"expanse":165.11627906976744,"auctus":100,"bitrent":100,"c20":100,"neurotoken":-10.5862265224815,"swissborg":100,"e-chat":0,"genaro-network":-51.72413793103448,"poa-network":-45.74567119716998,"ethlend":100,"colu-local-network":100,"tcash":100,"sola-token":0,"blockchain-certified-data-token":100,"pareto-rewards":100,"metronome":22.85012285012284,"daneel":100,"remme":-9.90223904131189,"fintrux-network":100,"debitum-network":100,"eristica":100,"tokia":100,"iungo":100,"cube":100,"aditus":100,"ocean-protocol":-48.473635522664196,"gonetwork":100,"envion":0,"sirin-labs-token":100,"crycash":100,"coinfi":100,"coin-lion":100,"coinvest":100,"modultrade":100,"telcoin":100,"datarius-credit":100,"dynamic-trading-rights":0,"aelf":-76.58959537572254,"indahash":100,"savedroid":100,"smartmesh":100,"next-exchange":100,"when-token":100,"heartbout":100,"oneroot-network":100,"amlt":-75.43859649122805,"adbank":0,"shipchain":100,"dadi":1087.3239436619717,"block-array":100,"axpire":100,"farmatrust":100,"bitmart-token":0,"carvertical":100,"aidcoin":100,"insurepal":100,"babb":100,"origintrail":619.5804195804196,"fortuna":0,"pundi-x":100,"restart-energy-mwat":100,"ink-protocol":100,"odyssey":100,"cpchain":-67.44186046511628,"fluz-fluz":0,"peculium":100,"coinpoker":100,"blockport":100,"nucleus-vision":100,"education-ecosystem":0,"ren":198.40294840294837,"arcblock":-2.0280057943022776,"themis":100,"nper":100,"betterbetting":100,"tokenomy":100,"ruff":100,"oceanchain":0,"valuechain":0,"cargox":100,"travelflex":100,"polymath-network":-39.78027593254982,"datawallet":100,"olxa":100,"bobs-repair":100,"rock":100,"dether":-59.154929577464785,"copytrack":100,"fusion":68.3241252302026,"thrive-token":100,"holo":227.52245113576333,"digitex-futures":100,"drp-utility":0,"shekel":100,"mktcoin":100,"animation-vision-cash":0,"locicoin":100,"gems-protocol":0,"0chain":100,"w3coin":0,"lendroid-support-token":100,"dock":100,"te-food":0,"electrifyasia":100,"banca":0,"lympo":0,"adhive":100,"iht-real-estate-protocol":0,"simdaq":0,"arbidex":100,"ip-exchange":0,"zebi":0,"shivers":100,"docademic":100,"hurify":100,"digital-asset-exchange-token":0,"helbiz":100,"ceek-vr":0,"paymon":100,"budbo":100,"dropil":100,"cryptaldash":0,"jet8":100,"sentinel-chain":100,"datx":100,"sp8de":100,"leadcoin":100,"yeed":-34.44316877152699,"endor-protocol":100,"centrality":0,"loom-network":646.0875807609476,"level-up":100,"puregold-token":100,"vice-industry-token":100,"lendingblock":-100,"kwhcoin":100,"dragon-coins":0,"xinfin-network":-58.08893093661306,"vetri":100,"capdaxtoken":0,"odem":100,"parkgene":100,"sapien":100,"kryll":100,"friends":0,"phi-token":0,"moneytoken":100,"noah-coin":100,"legolas-exchange":100,"polyswarm":-33.31388564760794,"bnktothefuture":32.558139534883715,"sharder":-100,"shping":100,"open-platform":100,"origami":100,"gohelpfund":100,"boutspro":100,"edu-coin":100,"fundtoken":100,